id,name,gene-id,gene-symbol,gene-name,entrez-id,chromosome,start-position,end-position
1059444,"A_23_P1102",55,"ACTA1","actin, alpha 1, skeletal muscle",58,"1","n/a","n/a"
1059445,"CUST_15163_PI416261804",55,"ACTA1","actin, alpha 1, skeletal muscle",58,"1","n/a","n/a"
1059442,"A_23_P150053",56,"ACTA2","actin, alpha 2, smooth muscle, aorta",59,"10","n/a","n/a"
1059443,"CUST_15154_PI416261804",56,"ACTA2","actin, alpha 2, smooth muscle, aorta",59,"10","n/a","n/a"
1059438,"A_23_P135769",57,"ACTB","actin, beta",60,"7","n/a","n/a"
1059441,"A_23_P31323",57,"ACTB","actin, beta",60,"7","n/a","n/a"
1059439,"A_24_P226554",57,"ACTB","actin, beta",60,"7","n/a","n/a"
1059440,"A_32_P118686",57,"ACTB","actin, beta",60,"7","n/a","n/a"
1059437,"A_32_P137939",57,"ACTB","actin, beta",60,"7","n/a","n/a"
1024643,"A_24_P6903",110184,"ACTBL2","actin, beta-like 2",345651,"5","n/a","n/a"
1024642,"CUST_4789_PI416261804",110184,"ACTBL2","actin, beta-like 2",345651,"5","n/a","n/a"
1059435,"A_23_P205894",67,"ACTC1","actin, alpha, cardiac muscle 1",70,"15","n/a","n/a"
1059436,"A_24_P121535",67,"ACTC1","actin, alpha, cardiac muscle 1",70,"15","n/a","n/a"
1059433,"A_23_P44037",68,"ACTG1","actin, gamma 1",71,"17","n/a","n/a"
1059434,"A_32_P156963",68,"ACTG1","actin, gamma 1",71,"17","n/a","n/a"
1059432,"A_32_P175198",68,"ACTG1","actin, gamma 1",71,"17","n/a","n/a"
1059430,"A_23_P39955",69,"ACTG2","actin, gamma 2, smooth muscle, enteric",72,"2","n/a","n/a"
1059431,"A_32_P42354",69,"ACTG2","actin, gamma 2, smooth muscle, enteric",72,"2","n/a","n/a"
1059400,"A_23_P33539",105,"ADCY2","adenylate cyclase 2 (brain)",108,"5","n/a","n/a"
1059398,"A_32_P405973",105,"ADCY2","adenylate cyclase 2 (brain)",108,"5","n/a","n/a"
1059399,"CUST_3026_PI416261804",105,"ADCY2","adenylate cyclase 2 (brain)",108,"5","n/a","n/a"
1059395,"A_23_P136623",108,"ADCY5","adenylate cyclase 5",111,"3","n/a","n/a"
1059396,"A_24_P919249",108,"ADCY5","adenylate cyclase 5",111,"3","n/a","n/a"
1059393,"A_23_P501547",109,"ADCY6","adenylate cyclase 6",112,"12","n/a","n/a"
1059394,"CUST_10959_PI416261804",109,"ADCY6","adenylate cyclase 6",112,"12","n/a","n/a"
1059344,"A_24_P326635",153,"ADRBK1","adrenergic, beta, receptor kinase 1",156,"11","n/a","n/a"
1059345,"CUST_11695_PI416261804",153,"ADRBK1","adrenergic, beta, receptor kinase 1",156,"11","n/a","n/a"
1059343,"CUST_68_PI416408490",153,"ADRBK1","adrenergic, beta, receptor kinase 1",156,"11","n/a","n/a"
1059340,"A_23_P251686",154,"ADRBK2","adrenergic, beta, receptor kinase 2",157,"22","n/a","n/a"
1059341,"A_24_P378928",154,"ADRBK2","adrenergic, beta, receptor kinase 2",157,"22","n/a","n/a"
1059342,"CUST_69_PI416408490",154,"ADRBK2","adrenergic, beta, receptor kinase 2",157,"22","n/a","n/a"
1027924,"A_23_P2960",204,"AKT1","v-akt murine thymoma viral oncogene homolog 1",207,"14","n/a","n/a"
1027925,"CUST_16917_PI416261804",204,"AKT1","v-akt murine thymoma viral oncogene homolog 1",207,"14","n/a","n/a"
1027926,"CUST_16922_PI416261804",204,"AKT1","v-akt murine thymoma viral oncogene homolog 1",207,"14","n/a","n/a"
1059291,"A_23_P208870",205,"AKT2","v-akt murine thymoma viral oncogene homolog 2",208,"19","n/a","n/a"
1059288,"A_23_P373475",205,"AKT2","v-akt murine thymoma viral oncogene homolog 2",208,"19","n/a","n/a"
1059290,"A_24_P359267",205,"AKT2","v-akt murine thymoma viral oncogene homolog 2",208,"19","n/a","n/a"
1059289,"A_24_P550562",205,"AKT2","v-akt murine thymoma viral oncogene homolog 2",208,"19","n/a","n/a"
1047939,"A_23_P160354",9856,"AKT3","v-akt murine thymoma viral oncogene homolog 3 (protein kinase B, gamma)",10000,"1","n/a","n/a"
1063392,"A_24_P110983",9856,"AKT3","v-akt murine thymoma viral oncogene homolog 3 (protein kinase B, gamma)",10000,"1","n/a","n/a"
1047938,"A_24_P45481",9856,"AKT3","v-akt murine thymoma viral oncogene homolog 3 (protein kinase B, gamma)",10000,"1","n/a","n/a"
1047940,"CUST_10628_PI416261804",9856,"AKT3","v-akt murine thymoma viral oncogene homolog 3 (protein kinase B, gamma)",10000,"1","n/a","n/a"
1059252,"A_23_P152906",236,"ALOX12","arachidonate 12-lipoxygenase",239,"17","n/a","n/a"
1059253,"A_23_P152909",236,"ALOX12","arachidonate 12-lipoxygenase",239,"17","n/a","n/a"
1059244,"A_23_P55373",243,"ALOX15","arachidonate 15-lipoxygenase",246,"17","n/a","n/a"
1059552,"A_24_P931250",243,"ALOX15","arachidonate 15-lipoxygenase",246,"17","n/a","n/a"
1059245,"CUST_14357_PI416261804",243,"ALOX15","arachidonate 15-lipoxygenase",246,"17","n/a","n/a"
1059248,"A_23_P2793",238,"ALOX5AP","arachidonate 5-lipoxygenase-activating protein",241,"13","n/a","n/a"
1059249,"A_24_P347378",238,"ALOX5AP","arachidonate 5-lipoxygenase-activating protein",241,"13","n/a","n/a"
1059110,"A_23_P73511",366,"ARAF","v-raf murine sarcoma 3611 viral oncogene homolog",369,"X","n/a","n/a"
1059111,"CUST_8977_PI416261804",366,"ARAF","v-raf murine sarcoma 3611 viral oncogene homolog",369,"X","n/a","n/a"
1047822,"A_23_P102122",9964,"ARPC2","actin related protein 2/3 complex, subunit 2, 34kDa",10109,"2","n/a","n/a"
1047849,"A_24_P167473",9949,"ARPC3","actin related protein 2/3 complex, subunit 3, 21kDa",10094,"12","n/a","n/a"
1047848,"CUST_1707_PI416261804",9949,"ARPC3","actin related protein 2/3 complex, subunit 3, 21kDa",10094,"12","n/a","n/a"
1047852,"A_23_P126803",9947,"ARPC5","actin related protein 2/3 complex, subunit 5, 16kDa",10092,"1","n/a","n/a"
1047853,"CUST_7785_PI416261804",9947,"ARPC5","actin related protein 2/3 complex, subunit 5, 16kDa",10092,"1","n/a","n/a"
1038206,"A_24_P29975",57552,"ARPC5L","actin related protein 2/3 complex, subunit 5-like",81873,"9","n/a","n/a"
1038207,"CUST_998_PI416261804",57552,"ARPC5L","actin related protein 2/3 complex, subunit 5-like",81873,"9","n/a","n/a"
1059056,"A_24_P386622",405,"ARRB1","arrestin, beta 1",408,"11","n/a","n/a"
1024346,"CUST_10010_PI416261804",405,"ARRB1","arrestin, beta 1",408,"11","n/a","n/a"
1059057,"CUST_10013_PI416261804",405,"ARRB1","arrestin, beta 1",408,"11","n/a","n/a"
1029766,"A_23_P158829",406,"ARRB2","arrestin, beta 2",409,"17","n/a","n/a"
1029767,"CUST_15820_PI416261804",406,"ARRB2","arrestin, beta 2",409,"17","n/a","n/a"
1058859,"A_23_P4662",599,"BCL3","B-cell CLL/lymphoma 3",602,"19","n/a","n/a"
1058860,"CUST_13253_PI416261804",599,"BCL3","B-cell CLL/lymphoma 3",602,"19","n/a","n/a"
1058761,"A_23_P42935",669,"BRAF","v-raf murine sarcoma viral oncogene homolog B1",673,"7","n/a","n/a"
1058762,"CUST_16222_PI416261804",669,"BRAF","v-raf murine sarcoma viral oncogene homolog B1",673,"7","n/a","n/a"
1058702,"A_23_P2431",715,"C3AR1","complement component 3a receptor 1",719,"12","n/a","n/a"
1058703,"CUST_15222_PI416261804",715,"C3AR1","complement component 3a receptor 1",719,"12","n/a","n/a"
1058692,"A_23_P153562",724,"C5AR1","complement component 5a receptor 1",728,"19","n/a","n/a"
1058693,"A_23_P303058",724,"C5AR1","complement component 5a receptor 1",728,"19","n/a","n/a"
1029478,"A_24_P380311",811,"CAMK2A","calcium/calmodulin-dependent protein kinase II alpha",815,"5","n/a","n/a"
1029479,"CUST_141_PI416408490",811,"CAMK2A","calcium/calmodulin-dependent protein kinase II alpha",815,"5","n/a","n/a"
1029480,"CUST_14257_PI416261804",811,"CAMK2A","calcium/calmodulin-dependent protein kinase II alpha",815,"5","n/a","n/a"
1058595,"A_23_P42882",812,"CAMK2B","calcium/calmodulin-dependent protein kinase II beta",816,"7","n/a","n/a"
1058596,"CUST_10802_PI416261804",812,"CAMK2B","calcium/calmodulin-dependent protein kinase II beta",816,"7","n/a","n/a"
1058597,"CUST_10805_PI416261804",812,"CAMK2B","calcium/calmodulin-dependent protein kinase II beta",816,"7","n/a","n/a"
1025554,"CUST_10807_PI416261804",812,"CAMK2B","calcium/calmodulin-dependent protein kinase II beta",816,"7","n/a","n/a"
1025574,"CUST_10809_PI416261804",812,"CAMK2B","calcium/calmodulin-dependent protein kinase II beta",816,"7","n/a","n/a"
1017819,"A_23_P144458",813,"CAMK2D","calcium/calmodulin-dependent protein kinase II delta",817,"4","n/a","n/a"
1027101,"A_24_P114739",813,"CAMK2D","calcium/calmodulin-dependent protein kinase II delta",817,"4","n/a","n/a"
1027100,"A_32_P168660",813,"CAMK2D","calcium/calmodulin-dependent protein kinase II delta",817,"4","n/a","n/a"
1013642,"A_32_P47988",813,"CAMK2D","calcium/calmodulin-dependent protein kinase II delta",817,"4","n/a","n/a"
1058594,"A_23_P46903",814,"CAMK2G","calcium/calmodulin-dependent protein kinase II gamma",818,"10","n/a","n/a"
1058593,"A_24_P141332",814,"CAMK2G","calcium/calmodulin-dependent protein kinase II gamma",818,"10","n/a","n/a"
1020726,"A_24_P288722",8507,"CASK","calcium/calmodulin-dependent serine protein kinase (MAGUK family)",8573,"X","n/a","n/a"
1010632,"A_32_P168464",8507,"CASK","calcium/calmodulin-dependent serine protein kinase (MAGUK family)",8573,"X","n/a","n/a"
1051758,"A_23_P66635",6321,"CCL11","chemokine (C-C motif) ligand 11",6356,"17","n/a","n/a"
1051759,"CUST_13502_PI416261804",6321,"CCL11","chemokine (C-C motif) ligand 11",6356,"17","n/a","n/a"
1051756,"A_23_P26965",6322,"CCL13","chemokine (C-C motif) ligand 13",6357,"17","n/a","n/a"
1051757,"A_24_P125335",6322,"CCL13","chemokine (C-C motif) ligand 13",6357,"17","n/a","n/a"
1051750,"A_23_P55270",6327,"CCL18","chemokine (C-C motif) ligand 18 (pulmonary and activation-regulated)",6362,"17","n/a","n/a"
1051751,"CUST_14447_PI416261804",6327,"CCL18","chemokine (C-C motif) ligand 18 (pulmonary and activation-regulated)",6362,"17","n/a","n/a"
1051770,"A_23_P89431",6312,"CCL2","chemokine (C-C motif) ligand 2",6347,"17","n/a","n/a"
1051771,"CUST_16893_PI416261804",6312,"CCL2","chemokine (C-C motif) ligand 2",6347,"17","n/a","n/a"
1017633,"A_23_P17065",6329,"CCL20","chemokine (C-C motif) ligand 20",6364,"2","n/a","n/a"
1012022,"CUST_16256_PI416261804",6329,"CCL20","chemokine (C-C motif) ligand 20",6364,"2","n/a","n/a"
1051746,"A_23_P112470",6331,"CCL21","chemokine (C-C motif) ligand 21",6366,"9","n/a","n/a"
1051747,"CUST_12256_PI416261804",6331,"CCL21","chemokine (C-C motif) ligand 21",6366,"9","n/a","n/a"
1051744,"A_24_P313418",6332,"CCL22","chemokine (C-C motif) ligand 22",6367,"16","n/a","n/a"
1051745,"CUST_16827_PI416261804",6332,"CCL22","chemokine (C-C motif) ligand 22",6367,"16","n/a","n/a"
1047526,"A_23_P215484",10197,"CCL26","chemokine (C-C motif) ligand 26",10344,"7","n/a","n/a"
1047525,"A_24_P12573",10197,"CCL26","chemokine (C-C motif) ligand 26",10344,"7","n/a","n/a"
1046910,"A_23_P135248",10692,"CCL27","chemokine (C-C motif) ligand 27",10850,"9","n/a","n/a"
1046911,"CUST_13201_PI416261804",10692,"CCL27","chemokine (C-C motif) ligand 27",10850,"9","n/a","n/a"
1051769,"A_23_P373017",6313,"CCL3","chemokine (C-C motif) ligand 3",6348,"17","n/a","n/a"
1051765,"A_23_P207564",6316,"CCL4","chemokine (C-C motif) ligand 4",6351,"17","n/a","n/a"
1051766,"CUST_16156_PI416261804",6316,"CCL4","chemokine (C-C motif) ligand 4",6351,"17","n/a","n/a"
1051764,"A_23_P152838",6317,"CCL5","chemokine (C-C motif) ligand 5",6352,"17","n/a","n/a"
1051762,"A_23_P78037",6319,"CCL7","chemokine (C-C motif) ligand 7",6354,"17","n/a","n/a"
1051763,"CUST_13415_PI416261804",6319,"CCL7","chemokine (C-C motif) ligand 7",6354,"17","n/a","n/a"
1051760,"A_23_P207456",6320,"CCL8","chemokine (C-C motif) ligand 8",6355,"17","n/a","n/a"
1051761,"CUST_14419_PI416261804",6320,"CCL8","chemokine (C-C motif) ligand 8",6355,"17","n/a","n/a"
1058137,"A_23_P6849",1221,"CCR1","chemokine (C-C motif) receptor 1",1230,"3","n/a","n/a"
1058136,"A_24_P148717",1221,"CCR1","chemokine (C-C motif) receptor 1",1230,"3","n/a","n/a"
1056267,"A_23_P141367",2809,"CCR10","chemokine (C-C motif) receptor 10",2826,"17","n/a","n/a"
1056268,"CUST_60_PI416383280",2809,"CCR10","chemokine (C-C motif) receptor 10",2826,"17","n/a","n/a"
1017647,"A_23_P212354",170406,"CCR2","chemokine (C-C motif) receptor 2",729230,"3","n/a","n/a"
1020278,"A_23_P324885",170406,"CCR2","chemokine (C-C motif) receptor 2",729230,"3","n/a","n/a"
1012046,"A_24_P11825",170406,"CCR2","chemokine (C-C motif) receptor 2",729230,"3","n/a","n/a"
1014671,"CUST_15502_PI416261804",170406,"CCR2","chemokine (C-C motif) receptor 2",729230,"3","n/a","n/a"
1029757,"A_23_P250302",1223,"CCR3","chemokine (C-C motif) receptor 3",1232,"3","n/a","n/a"
1029758,"A_24_P367473",1223,"CCR3","chemokine (C-C motif) receptor 3",1232,"3","n/a","n/a"
1058135,"A_24_P367481",1223,"CCR3","chemokine (C-C motif) receptor 3",1232,"3","n/a","n/a"
1058133,"A_23_P72989",1224,"CCR4","chemokine (C-C motif) receptor 4",1233,"3","n/a","n/a"
1058134,"CUST_12449_PI416261804",1224,"CCR4","chemokine (C-C motif) receptor 4",1233,"3","n/a","n/a"
1016118,"A_23_P412321",1225,"CCR5","chemokine (C-C motif) receptor 5 (gene/pseudogene)",1234,"3","n/a","n/a"
1058132,"CUST_15546_PI416261804",1225,"CCR5","chemokine (C-C motif) receptor 5 (gene/pseudogene)",1234,"3","n/a","n/a"
1014980,"CUST_15550_PI416261804",1225,"CCR5","chemokine (C-C motif) receptor 5 (gene/pseudogene)",1234,"3","n/a","n/a"
1058129,"A_24_P234921",1226,"CCR6","chemokine (C-C motif) receptor 6",1235,"6","n/a","n/a"
1058131,"CUST_13489_PI416261804",1226,"CCR6","chemokine (C-C motif) receptor 6",1235,"6","n/a","n/a"
1058130,"CUST_13492_PI416261804",1226,"CCR6","chemokine (C-C motif) receptor 6",1235,"6","n/a","n/a"
1058127,"A_23_P343398",1227,"CCR7","chemokine (C-C motif) receptor 7",1236,"17","n/a","n/a"
1058128,"CUST_13329_PI416261804",1227,"CCR7","chemokine (C-C motif) receptor 7",1236,"17","n/a","n/a"
1058125,"A_23_P69012",1228,"CCR8","chemokine (C-C motif) receptor 8",1237,"3","n/a","n/a"
1058126,"CUST_12770_PI416261804",1228,"CCR8","chemokine (C-C motif) receptor 8",1237,"3","n/a","n/a"
1046947,"A_23_P212360",10645,"CCR9","chemokine (C-C motif) receptor 9",10803,"3","n/a","n/a"
1024569,"CUST_5909_PI416261804",10645,"CCR9","chemokine (C-C motif) receptor 9",10803,"3","n/a","n/a"
1046948,"CUST_5911_PI416261804",10645,"CCR9","chemokine (C-C motif) receptor 9",10803,"3","n/a","n/a"
1049059,"A_23_P69310",8914,"CCRL2","chemokine (C-C motif) receptor-like 2",9034,"3","n/a","n/a"
1049058,"A_24_P97405",8914,"CCRL2","chemokine (C-C motif) receptor-like 2",9034,"3","n/a","n/a"
1021919,"A_23_P200560",993,"CDC42","cell division cycle 42 (GTP binding protein, 25kDa)",998,"1","n/a","n/a"
1030481,"A_23_P300056",993,"CDC42","cell division cycle 42 (GTP binding protein, 25kDa)",998,"1","n/a","n/a"
1030483,"A_24_P42633",993,"CDC42","cell division cycle 42 (GTP binding protein, 25kDa)",998,"1","n/a","n/a"
1021921,"A_32_P115015",993,"CDC42","cell division cycle 42 (GTP binding protein, 25kDa)",998,"1","n/a","n/a"
1021920,"A_32_P20492",993,"CDC42","cell division cycle 42 (GTP binding protein, 25kDa)",998,"1","n/a","n/a"
1030484,"CUST_3175_PI416261804",993,"CDC42","cell division cycle 42 (GTP binding protein, 25kDa)",998,"1","n/a","n/a"
1030482,"CUST_398_PI417507815",993,"CDC42","cell division cycle 42 (GTP binding protein, 25kDa)",998,"1","n/a","n/a"
1058185,"A_23_P144096",1145,"CISH","cytokine inducible SH2-containing protein",1154,"3","n/a","n/a"
1058186,"A_24_P97465",1145,"CISH","cytokine inducible SH2-containing protein",1154,"3","n/a","n/a"
1027911,"A_23_P214168",1294,"COL12A1","collagen, type XII, alpha 1",1303,"6","n/a","n/a"
1027913,"A_24_P291814",1294,"COL12A1","collagen, type XII, alpha 1",1303,"6","n/a","n/a"
1027912,"CUST_198_PI416408490",1294,"COL12A1","collagen, type XII, alpha 1",1303,"6","n/a","n/a"
1027755,"A_23_P216361",7330,"COL14A1","collagen, type XIV, alpha 1",7373,"8","n/a","n/a"
1027757,"A_24_P254789",7330,"COL14A1","collagen, type XIV, alpha 1",7373,"8","n/a","n/a"
1027756,"A_32_P80850",7330,"COL14A1","collagen, type XIV, alpha 1",7373,"8","n/a","n/a"
1038313,"A_23_P31124",57280,"COL21A1","collagen, type XXI, alpha 1",81578,"6","n/a","n/a"
1038314,"CUST_13137_PI416261804",57280,"COL21A1","collagen, type XXI, alpha 1",81578,"6","n/a","n/a"
1023026,"A_24_P331918",1282,"COL6A1","collagen, type VI, alpha 1",1291,"21","n/a","n/a"
1023022,"A_32_P32254",1282,"COL6A1","collagen, type VI, alpha 1",1291,"21","n/a","n/a"
1023024,"CUST_201_PI416408490",1282,"COL6A1","collagen, type VI, alpha 1",1291,"21","n/a","n/a"
1018638,"A_23_P211233",1283,"COL6A2","collagen, type VI, alpha 2",1292,"21","n/a","n/a"
1028034,"A_23_P310956",1283,"COL6A2","collagen, type VI, alpha 2",1292,"21","n/a","n/a"
1012225,"A_32_P22750",1283,"COL6A2","collagen, type VI, alpha 2",1292,"21","n/a","n/a"
1011067,"CUST_12842_PI416261804",1283,"COL6A2","collagen, type VI, alpha 2",1292,"21","n/a","n/a"
1024044,"A_23_P131614",1284,"COL6A3","collagen, type VI, alpha 3",1293,"2","n/a","n/a"
1058078,"A_32_P156322",1284,"COL6A3","collagen, type VI, alpha 3",1293,"2","n/a","n/a"
1024045,"CUST_12469_PI416261804",1284,"COL6A3","collagen, type VI, alpha 3",1293,"2","n/a","n/a"
1016995,"A_23_P404698",90318,"COL6A5","collagen, type VI, alpha 5",256076,"3","n/a","n/a"
1013261,"CUST_6150_PI416261804",90318,"COL6A5","collagen, type VI, alpha 5",256076,"3","n/a","n/a"
1012587,"CUST_6151_PI416261804",90318,"COL6A5","collagen, type VI, alpha 5",256076,"3","n/a","n/a"
1015917,"A_32_P224525",79489,"COL6A6","collagen, type VI, alpha 6",131873,"3","n/a","n/a"
1014126,"CUST_6848_PI416261804",79489,"COL6A6","collagen, type VI, alpha 6",131873,"3","n/a","n/a"
1051730,"A_23_P37727",6340,"CX3CL1","chemokine (C-X3-C motif) ligand 1",6376,"16","n/a","n/a"
1051732,"A_24_P381901",6340,"CX3CL1","chemokine (C-X3-C motif) ligand 1",6376,"16","n/a","n/a"
1051731,"A_24_P390495",6340,"CX3CL1","chemokine (C-X3-C motif) ligand 1",6376,"16","n/a","n/a"
1057821,"A_23_P407565",1513,"CX3CR1","chemokine (C-X3-C motif) receptor 1",1524,"3","n/a","n/a"
1057822,"CUST_16271_PI416261804",1513,"CX3CR1","chemokine (C-X3-C motif) receptor 1",1524,"3","n/a","n/a"
1054997,"A_24_P303091",3602,"CXCL10","chemokine (C-X-C motif) ligand 10",3627,"4","n/a","n/a"
1054998,"CUST_16036_PI416261804",3602,"CXCL10","chemokine (C-X-C motif) ligand 10",3627,"4","n/a","n/a"
1055064,"A_32_P87013",3551,"IL8","interleukin 8",3576,"4","n/a","n/a"
1055065,"CUST_15714_PI416261804",3551,"IL8","interleukin 8",3576,"4","n/a","n/a"
1055062,"A_23_P67932",3552,"CXCR1","chemokine (C-X-C motif) receptor 1",3577,"2","n/a","n/a"
1055063,"CUST_15032_PI416261804",3552,"CXCR1","chemokine (C-X-C motif) receptor 1",3577,"2","n/a","n/a"
1055059,"A_23_P135755",3554,"CXCR2","chemokine (C-X-C motif) receptor 2",3579,"2","n/a","n/a"
1055060,"A_24_P933228",3554,"CXCR2","chemokine (C-X-C motif) receptor 2",3579,"2","n/a","n/a"
1056258,"A_23_P114299",2816,"CXCR3","chemokine (C-X-C motif) receptor 3",2833,"X","n/a","n/a"
1056257,"CUST_14289_PI416261804",2816,"CXCR3","chemokine (C-X-C motif) receptor 3",2833,"X","n/a","n/a"
1013861,"CUST_14443_PI416261804",2816,"CXCR3","chemokine (C-X-C motif) receptor 3",2833,"X","n/a","n/a"
1050082,"A_23_P102000",7806,"CXCR4","chemokine (C-X-C motif) receptor 4",7852,"2","n/a","n/a"
1050081,"CUST_16990_PI416261804",7806,"CXCR4","chemokine (C-X-C motif) receptor 4",7852,"2","n/a","n/a"
1050083,"CUST_16995_PI416261804",7806,"CXCR4","chemokine (C-X-C motif) receptor 4",7852,"2","n/a","n/a"
1058819,"A_23_P203215",640,"CXCR5","chemokine (C-X-C motif) receptor 5",643,"11","n/a","n/a"
1058818,"A_24_P252945",640,"CXCR5","chemokine (C-X-C motif) receptor 5",643,"11","n/a","n/a"
1047103,"A_23_P109913",10516,"CXCR6","chemokine (C-X-C motif) receptor 6",10663,"3","n/a","n/a"
1047104,"A_24_P46066",10516,"CXCR6","chemokine (C-X-C motif) receptor 6",10663,"3","n/a","n/a"
1048781,"A_23_P119377",9138,"CYTH2","cytohesin 2",9266,"19","n/a","n/a"
1048782,"CUST_9228_PI416261804",9138,"CYTH2","cytohesin 2",9266,"19","n/a","n/a"
1056889,"A_23_P38795",2341,"FPR1","formyl peptide receptor 1",2357,"19","n/a","n/a"
1056890,"CUST_13898_PI416261804",2341,"FPR1","formyl peptide receptor 1",2357,"19","n/a","n/a"
1023607,"A_23_P55649",2342,"FPR2","formyl peptide receptor 2",2358,"19","n/a","n/a"
1023608,"CUST_15_PI416987708",2342,"FPR2","formyl peptide receptor 2",2358,"19","n/a","n/a"
1056888,"CUST_885_PI416573500",2342,"FPR2","formyl peptide receptor 2",2358,"19","n/a","n/a"
1023606,"CUST_914_PI416379584",2342,"FPR2","formyl peptide receptor 2",2358,"19","n/a","n/a"
1056886,"A_23_P208167",2343,"FPR3","formyl peptide receptor 3",2359,"19","n/a","n/a"
1056887,"CUST_15056_PI416261804",2343,"FPR3","formyl peptide receptor 3",2359,"19","n/a","n/a"
1056363,"A_23_P142289",2750,"GNA11","guanine nucleotide binding protein (G protein), alpha 11 (Gq class)",2767,"19","n/a","n/a"
1059641,"A_24_P927886",2750,"GNA11","guanine nucleotide binding protein (G protein), alpha 11 (Gq class)",2767,"19","n/a","n/a"
1056364,"CUST_9460_PI416261804",2750,"GNA11","guanine nucleotide binding protein (G protein), alpha 11 (Gq class)",2767,"19","n/a","n/a"
1056358,"A_24_P331128",2752,"GNA15","guanine nucleotide binding protein (G protein), alpha 15 (Gq class)",2769,"19","n/a","n/a"
1056359,"CUST_8897_PI416261804",2752,"GNA15","guanine nucleotide binding protein (G protein), alpha 15 (Gq class)",2769,"19","n/a","n/a"
1056339,"A_23_P22926",2765,"GNB1","guanine nucleotide binding protein (G protein), beta polypeptide 1",2782,"1","n/a","n/a"
1056340,"A_24_P71021",2765,"GNB1","guanine nucleotide binding protein (G protein), beta polypeptide 1",2782,"1","n/a","n/a"
1056337,"A_23_P82296",2766,"GNB2","guanine nucleotide binding protein (G protein), beta polypeptide 2",2783,"7","n/a","n/a"
1056338,"CUST_6535_PI416261804",2766,"GNB2","guanine nucleotide binding protein (G protein), beta polypeptide 2",2783,"7","n/a","n/a"
1056335,"A_23_P76350",2767,"GNB3","guanine nucleotide binding protein (G protein), beta polypeptide 3",2784,"12","n/a","n/a"
1056336,"CUST_16269_PI416261804",2767,"GNB3","guanine nucleotide binding protein (G protein), beta polypeptide 3",2784,"12","n/a","n/a"
1040253,"A_23_P18186",37769,"GNB4","guanine nucleotide binding protein (G protein), beta polypeptide 4",59345,"3","n/a","n/a"
1040255,"A_24_P835921",37769,"GNB4","guanine nucleotide binding protein (G protein), beta polypeptide 4",59345,"3","n/a","n/a"
1040254,"A_32_P171313",37769,"GNB4","guanine nucleotide binding protein (G protein), beta polypeptide 4",59345,"3","n/a","n/a"
1040252,"A_32_P184916",37769,"GNB4","guanine nucleotide binding protein (G protein), beta polypeptide 4",59345,"3","n/a","n/a"
1041398,"A_23_P311732",35255,"GNG12","guanine nucleotide binding protein (G protein), gamma 12",55970,"1","n/a","n/a"
1041399,"CUST_13213_PI416261804",35255,"GNG12","guanine nucleotide binding protein (G protein), gamma 12",55970,"1","n/a","n/a"
1026269,"A_23_P32536",33622,"GNG2","guanine nucleotide binding protein (G protein), gamma 2",54331,"14","n/a","n/a"
1026268,"A_24_P918335",33622,"GNG2","guanine nucleotide binding protein (G protein), gamma 2",54331,"14","n/a","n/a"
1026267,"A_32_P208403",33622,"GNG2","guanine nucleotide binding protein (G protein), gamma 2",54331,"14","n/a","n/a"
1056333,"A_23_P139192",2768,"GNG3","guanine nucleotide binding protein (G protein), gamma 3",2785,"11","n/a","n/a"
1056334,"CUST_6618_PI416261804",2768,"GNG3","guanine nucleotide binding protein (G protein), gamma 3",2785,"11","n/a","n/a"
1020432,"A_23_P335329",2769,"GNG4","guanine nucleotide binding protein (G protein), gamma 4",2786,"1","n/a","n/a"
1011907,"A_32_P305020",2769,"GNG4","guanine nucleotide binding protein (G protein), gamma 4",2786,"1","n/a","n/a"
1056331,"A_23_P148513",2770,"GNG5","guanine nucleotide binding protein (G protein), gamma 5",2787,"1","n/a","n/a"
1056332,"CUST_5573_PI416261804",2770,"GNG5","guanine nucleotide binding protein (G protein), gamma 5",2787,"1","n/a","n/a"
1036403,"A_24_P79070",60869,"GNG8","guanine nucleotide binding protein (G protein), gamma 8",94235,"19","n/a","n/a"
1036404,"CUST_5502_PI416261804",60869,"GNG8","guanine nucleotide binding protein (G protein), gamma 8",94235,"19","n/a","n/a"
1046998,"A_23_P392962",10592,"GRAP","GRB2-related adaptor protein",10750,"17","n/a","n/a"
1046999,"A_23_P49638",10592,"GRAP","GRB2-related adaptor protein",10750,"17","n/a","n/a"
1047000,"A_23_P49643",10592,"GRAP","GRB2-related adaptor protein",10750,"17","n/a","n/a"
1048631,"A_23_P143720",9266,"GRAP2","GRB2-related adaptor protein 2",9402,"22","n/a","n/a"
1048630,"A_24_P10884",9266,"GRAP2","GRB2-related adaptor protein 2",9402,"22","n/a","n/a"
1011156,"A_24_P299355",125164,"GRAPL","GRB2-related adaptor protein-like",400581,"17","n/a","n/a"
1028266,"A_23_P77847",2868,"GRB2","growth factor receptor-bound protein 2",2885,"17","n/a","n/a"
1056194,"A_24_P39654",2868,"GRB2","growth factor receptor-bound protein 2",2885,"17","n/a","n/a"
1028267,"A_24_P407717",2868,"GRB2","growth factor receptor-bound protein 2",2885,"17","n/a","n/a"
1025304,"A_23_P212756",2851,"GRK4","G protein-coupled receptor kinase 4",2868,"4","n/a","n/a"
1025305,"CUST_14197_PI416261804",2851,"GRK4","G protein-coupled receptor kinase 4",2868,"4","n/a","n/a"
1056213,"A_23_P12884",2852,"GRK5","G protein-coupled receptor kinase 5",2869,"10","n/a","n/a"
1056214,"CUST_12416_PI416261804",2852,"GRK5","G protein-coupled receptor kinase 5",2869,"10","n/a","n/a"
1025073,"A_23_P257256",2853,"GRK6","G protein-coupled receptor kinase 6",2870,"5","n/a","n/a"
1056212,"CUST_803_PI416573500",2853,"GRK6","G protein-coupled receptor kinase 6",2870,"5","n/a","n/a"
1056211,"CUST_8065_PI416261804",2853,"GRK6","G protein-coupled receptor kinase 6",2870,"5","n/a","n/a"
1056210,"CUST_830_PI416379584",2853,"GRK6","G protein-coupled receptor kinase 6",2870,"5","n/a","n/a"
1035275,"CUST_802_PI416573500",79490,"GRK7","G protein-coupled receptor kinase 7",131890,"3","n/a","n/a"
1035274,"CUST_829_PI416379584",79490,"GRK7","G protein-coupled receptor kinase 7",131890,"3","n/a","n/a"
1055478,"A_23_P98183",3245,"HRAS","v-Ha-ras Harvey rat sarcoma viral oncogene homolog",3265,"11","n/a","n/a"
1055477,"CUST_15664_PI416261804",3245,"HRAS","v-Ha-ras Harvey rat sarcoma viral oncogene homolog",3265,"11","n/a","n/a"
1055170,"CUST_86_PI417507815",3434,"IFNAR1","interferon (alpha, beta and omega) receptor 1",3454,"21","n/a","n/a"
1029107,"A_23_P211080",3435,"IFNAR2","interferon (alpha, beta and omega) receptor 2",3455,"21","n/a","n/a"
1029110,"CUST_1184_PI416573500",3435,"IFNAR2","interferon (alpha, beta and omega) receptor 2",3455,"21","n/a","n/a"
1029109,"CUST_1223_PI416379584",3435,"IFNAR2","interferon (alpha, beta and omega) receptor 2",3455,"21","n/a","n/a"
1029108,"CUST_13419_PI416261804",3435,"IFNAR2","interferon (alpha, beta and omega) receptor 2",3455,"21","n/a","n/a"
1055166,"A_23_P151294",3438,"IFNG","interferon, gamma",3458,"12","n/a","n/a"
1055167,"CUST_15761_PI416261804",3438,"IFNG","interferon, gamma",3458,"12","n/a","n/a"
1055164,"A_23_P8281",3439,"IFNGR1","interferon gamma receptor 1",3459,"6","n/a","n/a"
1055165,"CUST_14999_PI416261804",3439,"IFNGR1","interferon gamma receptor 1",3459,"6","n/a","n/a"
1055162,"A_23_P29036",3440,"IFNGR2","interferon gamma receptor 2 (interferon gamma transducer 1)",3460,"21","n/a","n/a"
1055163,"CUST_12885_PI416261804",3440,"IFNGR2","interferon gamma receptor 2 (interferon gamma transducer 1)",3460,"21","n/a","n/a"
1055104,"A_23_P216188",3526,"IKBKB","inhibitor of kappa light polypeptide gene enhancer in B-cells, kinase beta",3551,"8","n/a","n/a"
1055103,"A_24_P132518",3526,"IKBKB","inhibitor of kappa light polypeptide gene enhancer in B-cells, kinase beta",3551,"8","n/a","n/a"
1055105,"A_24_P155058",3526,"IKBKB","inhibitor of kappa light polypeptide gene enhancer in B-cells, kinase beta",3551,"8","n/a","n/a"
1048324,"A_23_P887",9497,"IKBKE","inhibitor of kappa light polypeptide gene enhancer in B-cells, kinase epsilon",9641,"1","n/a","n/a"
1048325,"CUST_13977_PI416261804",9497,"IKBKE","inhibitor of kappa light polypeptide gene enhancer in B-cells, kinase epsilon",9641,"1","n/a","n/a"
1055043,"A_23_P91943",3567,"IL12A","interleukin 12A (natural killer cell stimulatory factor 1, cytotoxic lymphocyte maturation factor 1, p35)",3592,"3","n/a","n/a"
1055044,"CUST_16463_PI416261804",3567,"IL12A","interleukin 12A (natural killer cell stimulatory factor 1, cytotoxic lymphocyte maturation factor 1, p35)",3592,"3","n/a","n/a"
1055035,"A_23_P251031",3571,"IL13","interleukin 13",3596,"5","n/a","n/a"
1055036,"CUST_17084_PI416261804",3571,"IL13","interleukin 13",3596,"5","n/a","n/a"
1030101,"A_23_P29953",3575,"IL15","interleukin 15",3600,"4","n/a","n/a"
1030103,"CUST_14639_PI416261804",3575,"IL15","interleukin 15",3600,"4","n/a","n/a"
1030102,"CUST_14641_PI416261804",3575,"IL15","interleukin 15",3600,"4","n/a","n/a"
1055024,"A_23_P332820",3580,"IL17A","interleukin 17A",3605,"6","n/a","n/a"
1055025,"CUST_16838_PI416261804",3580,"IL17A","interleukin 17A",3605,"6","n/a","n/a"
1044582,"A_23_P167479",26935,"IL17B","interleukin 17B",27190,"5","n/a","n/a"
1044583,"CUST_4723_PI416261804",26935,"IL17B","interleukin 17B",27190,"5","n/a","n/a"
1044584,"A_23_P49097",26934,"IL17C","interleukin 17C",27189,"16","n/a","n/a"
1044585,"CUST_5427_PI416261804",26934,"IL17C","interleukin 17C",27189,"16","n/a","n/a"
1043082,"A_23_P345692",32822,"IL17D","interleukin 17D",53342,"13","n/a","n/a"
1043083,"CUST_1338_PI416261804",32822,"IL17D","interleukin 17D",53342,"13","n/a","n/a"
1036373,"A_23_P167882",76606,"IL17F","interleukin 17F",112744,"6","n/a","n/a"
1036374,"CUST_13760_PI416261804",76606,"IL17F","interleukin 17F",112744,"6","n/a","n/a"
1055022,"A_23_P104798",3581,"IL18","interleukin 18 (interferon-gamma-inducing factor)",3606,"11","n/a","n/a"
1055023,"CUST_15672_PI416261804",3581,"IL18","interleukin 18 (interferon-gamma-inducing factor)",3606,"11","n/a","n/a"
1055098,"A_23_P79518",3528,"IL1B","interleukin 1, beta",3553,"2","n/a","n/a"
1055100,"CUST_15675_PI416261804",3528,"IL1B","interleukin 1, beta",3553,"2","n/a","n/a"
1055099,"CUST_351_PI416408490",3528,"IL1B","interleukin 1, beta",3553,"2","n/a","n/a"
1030352,"A_23_P117437",41378,"IL25","interleukin 25",64806,"14","n/a","n/a"
1039694,"CUST_15966_PI416261804",41378,"IL25","interleukin 25",64806,"14","n/a","n/a"
1030353,"CUST_16134_PI416261804",41378,"IL25","interleukin 25",64806,"14","n/a","n/a"
1044592,"A_23_P348028",26924,"IL36A","interleukin 36, alpha",27179,"2","n/a","n/a"
1044593,"CUST_5686_PI416261804",26924,"IL36A","interleukin 36, alpha",27179,"2","n/a","n/a"
1055075,"A_24_P209047",3542,"IL5","interleukin 5 (colony-stimulating factor, eosinophil)",3567,"5","n/a","n/a"
1055076,"CUST_15203_PI416261804",3542,"IL5","interleukin 5 (colony-stimulating factor, eosinophil)",3567,"5","n/a","n/a"
1055072,"A_23_P71037",3544,"IL6","interleukin 6 (interferon, beta 2)",3569,"7","n/a","n/a"
1055073,"CUST_15487_PI416261804",3544,"IL6","interleukin 6 (interferon, beta 2)",3569,"7","n/a","n/a"
1054989,"A_23_P61149",3610,"INPP5D","inositol polyphosphate-5-phosphatase, 145kDa",3635,"2","n/a","n/a"
1054990,"CUST_1285_PI416261804",3610,"INPP5D","inositol polyphosphate-5-phosphatase, 145kDa",3635,"2","n/a","n/a"
1054987,"A_23_P36322",3611,"INPPL1","inositol polyphosphate phosphatase-like 1",3636,"11","n/a","n/a"
1054988,"CUST_12400_PI416261804",3611,"INPPL1","inositol polyphosphate phosphatase-like 1",3636,"11","n/a","n/a"
1054946,"A_23_P256334",3647,"ITGA1","integrin, alpha 1",3672,"5","n/a","n/a"
1054947,"CUST_9322_PI416261804",3647,"ITGA1","integrin, alpha 1",3672,"5","n/a","n/a"
1054943,"A_23_P70161",3648,"ITGA2","integrin, alpha 2 (CD49B, alpha 2 subunit of VLA-2 receptor)",3673,"5","n/a","n/a"
1054942,"A_24_P243329",3648,"ITGA2","integrin, alpha 2 (CD49B, alpha 2 subunit of VLA-2 receptor)",3673,"5","n/a","n/a"
1054945,"A_32_P178800",3648,"ITGA2","integrin, alpha 2 (CD49B, alpha 2 subunit of VLA-2 receptor)",3673,"5","n/a","n/a"
1054944,"A_32_P208076",3648,"ITGA2","integrin, alpha 2 (CD49B, alpha 2 subunit of VLA-2 receptor)",3673,"5","n/a","n/a"
1054935,"A_23_P56505",3651,"ITGA4","integrin, alpha 4 (antigen CD49D, alpha 4 subunit of VLA-4 receptor)",3676,"2","n/a","n/a"
1054937,"CUST_1403_PI416379584",3651,"ITGA4","integrin, alpha 4 (antigen CD49D, alpha 4 subunit of VLA-4 receptor)",3676,"2","n/a","n/a"
1054936,"CUST_15668_PI416261804",3651,"ITGA4","integrin, alpha 4 (antigen CD49D, alpha 4 subunit of VLA-4 receptor)",3676,"2","n/a","n/a"
1054933,"A_23_P252193",3655,"ITGA9","integrin, alpha 9",3680,"3","n/a","n/a"
1054934,"A_24_P51166",3655,"ITGA9","integrin, alpha 9",3680,"3","n/a","n/a"
1017981,"A_23_P206806",3658,"ITGAL","integrin, alpha L (antigen CD11A (p180), lymphocyte function-associated antigen 1; alpha polypeptide)",3683,"16","n/a","n/a"
1013342,"A_23_P54878",3658,"ITGAL","integrin, alpha L (antigen CD11A (p180), lymphocyte function-associated antigen 1; alpha polypeptide)",3683,"16","n/a","n/a"
1054929,"A_23_P124108",3659,"ITGAM","integrin, alpha M (complement component 3 receptor 3 subunit)",3684,"16","n/a","n/a"
1054930,"CUST_15536_PI416261804",3659,"ITGAM","integrin, alpha M (complement component 3 receptor 3 subunit)",3684,"16","n/a","n/a"
1015967,"A_23_P329573",3664,"ITGB2","integrin, beta 2 (complement component 3 receptor 3 and 4 subunit)",3689,"21","n/a","n/a"
1063840,"A_23_P430411",3664,"ITGB2","integrin, beta 2 (complement component 3 receptor 3 and 4 subunit)",3689,"21","n/a","n/a"
1013879,"CUST_15626_PI416261804",3664,"ITGB2","integrin, beta 2 (complement component 3 receptor 3 and 4 subunit)",3689,"21","n/a","n/a"
1054919,"A_23_P76529",3670,"ITGB7","integrin, beta 7",3695,"12","n/a","n/a"
1054920,"CUST_11510_PI416261804",3670,"ITGB7","integrin, beta 7",3695,"12","n/a","n/a"
1017946,"A_23_P92042",3683,"ITPR1","inositol 1,4,5-trisphosphate receptor, type 1",3708,"3","n/a","n/a"
1013762,"CUST_12396_PI416261804",3683,"ITPR1","inositol 1,4,5-trisphosphate receptor, type 1",3708,"3","n/a","n/a"
1020872,"A_23_P203933",3684,"ITPR2","inositol 1,4,5-trisphosphate receptor, type 2",3709,"12","n/a","n/a"
1020873,"CUST_13464_PI416261804",3684,"ITPR2","inositol 1,4,5-trisphosphate receptor, type 2",3709,"12","n/a","n/a"
1020874,"CUST_356_PI416408490",3684,"ITPR2","inositol 1,4,5-trisphosphate receptor, type 2",3709,"12","n/a","n/a"
1054896,"A_23_P19517",3685,"ITPR3","inositol 1,4,5-trisphosphate receptor, type 3",3710,"6","n/a","n/a"
1054897,"CUST_16469_PI416261804",3685,"ITPR3","inositol 1,4,5-trisphosphate receptor, type 3",3710,"6","n/a","n/a"
1054890,"A_23_P97005",3691,"JAK1","Janus kinase 1",3716,"1","n/a","n/a"
1054891,"A_24_P410678",3691,"JAK1","Janus kinase 1",3716,"1","n/a","n/a"
1054888,"A_23_P123608",3692,"JAK2","Janus kinase 2",3717,"9","n/a","n/a"
1054889,"CUST_16326_PI416261804",3692,"JAK2","Janus kinase 2",3717,"9","n/a","n/a"
1015912,"A_23_P218203",8612,"JMJD7-PLA2G4B","JMJD7-PLA2G4B readthrough",8681,"15","n/a","n/a"
1015666,"A_23_P403424",8612,"JMJD7-PLA2G4B","JMJD7-PLA2G4B readthrough",8681,"15","n/a","n/a"
1012609,"CUST_7602_PI416261804",8612,"JMJD7-PLA2G4B","JMJD7-PLA2G4B readthrough",8681,"15","n/a","n/a"
1054881,"A_23_P201538",3700,"JUN","jun proto-oncogene",3725,"1","n/a","n/a"
1054882,"CUST_15654_PI416261804",3700,"JUN","jun proto-oncogene",3725,"1","n/a","n/a"
1054878,"A_23_P4821",3701,"JUNB","jun B proto-oncogene",3726,"19","n/a","n/a"
1054880,"A_24_P241815",3701,"JUNB","jun B proto-oncogene",3726,"19","n/a","n/a"
1054879,"CUST_13819_PI416261804",3701,"JUNB","jun B proto-oncogene",3726,"19","n/a","n/a"
1059545,"A_23_P365610",3702,"JUND","jun D proto-oncogene",3727,"19","n/a","n/a"
1054876,"A_32_P103776",3702,"JUND","jun D proto-oncogene",3727,"19","n/a","n/a"
1054877,"CUST_11664_PI416261804",3702,"JUND","jun D proto-oncogene",3727,"19","n/a","n/a"
1029728,"A_23_P306500",3820,"KRAS","v-Ki-ras2 Kirsten rat sarcoma viral oncogene homolog",3845,"12","n/a","n/a"
1029729,"A_23_P306507",3820,"KRAS","v-Ki-ras2 Kirsten rat sarcoma viral oncogene homolog",3845,"12","n/a","n/a"
1029730,"A_23_P45140",3820,"KRAS","v-Ki-ras2 Kirsten rat sarcoma viral oncogene homolog",3845,"12","n/a","n/a"
1041235,"A_23_P163166",35693,"LTB4R2","leukotriene B4 receptor 2",56413,"14","n/a","n/a"
1041236,"A_23_P163173",35693,"LTB4R2","leukotriene B4 receptor 2",56413,"14","n/a","n/a"
1041237,"CUST_3843_PI416261804",35693,"LTB4R2","leukotriene B4 receptor 2",56413,"14","n/a","n/a"
1030780,"A_24_P397294",4031,"LTC4S","leukotriene C4 synthase",4056,"5","n/a","n/a"
1030781,"CUST_15500_PI416261804",4031,"LTC4S","leukotriene C4 synthase",4056,"5","n/a","n/a"
1047008,"A_23_P313640",10588,"MAP3K2","mitogen-activated protein kinase kinase kinase 2",10746,"2","n/a","n/a"
1047009,"A_23_P313645",10588,"MAP3K2","mitogen-activated protein kinase kinase kinase 2",10746,"2","n/a","n/a"
1025793,"A_23_P207131",4190,"MAP3K3","mitogen-activated protein kinase kinase kinase 3",4215,"17","n/a","n/a"
1025794,"A_23_P207138",4190,"MAP3K3","mitogen-activated protein kinase kinase kinase 3",4215,"17","n/a","n/a"
1054211,"A_23_P42096",4191,"MAP3K4","mitogen-activated protein kinase kinase kinase 4",4216,"6","n/a","n/a"
1054212,"CUST_7611_PI416261804",4191,"MAP3K4","mitogen-activated protein kinase kinase kinase 4",4216,"6","n/a","n/a"
1030603,"A_23_P257895",5562,"MAPK1","mitogen-activated protein kinase 1",5594,"22","n/a","n/a"
1022050,"A_24_P237265",5562,"MAPK1","mitogen-activated protein kinase 1",5594,"22","n/a","n/a"
1030604,"CUST_17058_PI416261804",5562,"MAPK1","mitogen-activated protein kinase 1",5594,"22","n/a","n/a"
1052670,"A_23_P37910",5563,"MAPK3","mitogen-activated protein kinase 3",5595,"16","n/a","n/a"
1022611,"CUST_16956_PI416261804",5563,"MAPK3","mitogen-activated protein kinase 3",5595,"16","n/a","n/a"
1052669,"CUST_17081_PI416261804",5563,"MAPK3","mitogen-activated protein kinase 3",5595,"16","n/a","n/a"
1054067,"A_23_P171296",4328,"MPP1","membrane protein, palmitoylated 1, 55kDa",4354,"X","n/a","n/a"
1054068,"A_32_P91906",4328,"MPP1","membrane protein, palmitoylated 1, 55kDa",4354,"X","n/a","n/a"
1020472,"A_23_P377197",22564,"MRAS","muscle RAS oncogene homolog",22808,"3","n/a","n/a"
1010852,"A_24_P88850",22564,"MRAS","muscle RAS oncogene homolog",22808,"3","n/a","n/a"
1053937,"A_23_P49657",4593,"MYH1","myosin, heavy chain 1, skeletal muscle, adult",4619,"17","n/a","n/a"
1053938,"CUST_11151_PI416261804",4593,"MYH1","myosin, heavy chain 1, skeletal muscle, adult",4619,"17","n/a","n/a"
1053922,"A_23_P164081",4602,"MYH10","myosin, heavy chain 10, non-muscle",4628,"17","n/a","n/a"
1053923,"A_24_P256764",4602,"MYH10","myosin, heavy chain 10, non-muscle",4628,"17","n/a","n/a"
1053924,"A_24_P34168",4602,"MYH10","myosin, heavy chain 10, non-muscle",4628,"17","n/a","n/a"
1053920,"A_23_P206920",4603,"MYH11","myosin, heavy chain 11, smooth muscle",4629,"16","n/a","n/a"
1053919,"A_24_P70183",4603,"MYH11","myosin, heavy chain 11, smooth muscle",4629,"16","n/a","n/a"
1053921,"CUST_12192_PI416261804",4603,"MYH11","myosin, heavy chain 11, smooth muscle",4629,"16","n/a","n/a"
1049367,"A_23_P89334",8664,"MYH13","myosin, heavy chain 13, skeletal muscle",8735,"17","n/a","n/a"
1049368,"CUST_14027_PI416261804",8664,"MYH13","myosin, heavy chain 13, skeletal muscle",8735,"17","n/a","n/a"
1017589,"A_23_P78734",55587,"MYH14","myosin, heavy chain 14, non-muscle",79784,"19","n/a","n/a"
1014732,"A_24_P323545",55587,"MYH14","myosin, heavy chain 14, non-muscle",79784,"19","n/a","n/a"
1017952,"A_24_P11900",22744,"MYH15","myosin, heavy chain 15",22989,"3","n/a","n/a"
1013278,"CUST_13162_PI416261804",22744,"MYH15","myosin, heavy chain 15",22989,"3","n/a","n/a"
1016520,"A_23_P38271",4594,"MYH2","myosin, heavy chain 2, skeletal muscle, adult",4620,"17","n/a","n/a"
1011385,"CUST_10326_PI416261804",4594,"MYH2","myosin, heavy chain 2, skeletal muscle, adult",4620,"17","n/a","n/a"
1053935,"A_23_P26865",4595,"MYH3","myosin, heavy chain 3, skeletal muscle, embryonic",4621,"17","n/a","n/a"
1053936,"CUST_15088_PI416261804",4595,"MYH3","myosin, heavy chain 3, skeletal muscle, embryonic",4621,"17","n/a","n/a"
1053933,"A_23_P66530",4596,"MYH4","myosin, heavy chain 4, skeletal muscle",4622,"17","n/a","n/a"
1053934,"CUST_2413_PI416261804",4596,"MYH4","myosin, heavy chain 4, skeletal muscle",4622,"17","n/a","n/a"
1053930,"A_23_P37164",4598,"MYH6","myosin, heavy chain 6, cardiac muscle, alpha",4624,"14","n/a","n/a"
1053931,"A_23_P37167",4598,"MYH6","myosin, heavy chain 6, cardiac muscle, alpha",4624,"14","n/a","n/a"
1053932,"A_24_P934145",4598,"MYH6","myosin, heavy chain 6, cardiac muscle, alpha",4624,"14","n/a","n/a"
1053929,"A_24_P282383",4599,"MYH7","myosin, heavy chain 7, cardiac muscle, beta",4625,"14","n/a","n/a"
1060593,"A_23_P210915",36917,"MYH7B","myosin, heavy chain 7B, cardiac muscle, beta",57644,"20","n/a","n/a"
1029648,"A_24_P130621",36917,"MYH7B","myosin, heavy chain 7B, cardiac muscle, beta",57644,"20","n/a","n/a"
1029649,"CUST_8456_PI416261804",36917,"MYH7B","myosin, heavy chain 7B, cardiac muscle, beta",57644,"20","n/a","n/a"
1053927,"A_23_P77933",4600,"MYH8","myosin, heavy chain 8, skeletal muscle, perinatal",4626,"17","n/a","n/a"
1053928,"CUST_5547_PI416261804",4600,"MYH8","myosin, heavy chain 8, skeletal muscle, perinatal",4626,"17","n/a","n/a"
1053926,"A_23_P57497",4601,"MYH9","myosin, heavy chain 9, non-muscle",4627,"22","n/a","n/a"
1053925,"A_24_P408424",4601,"MYH9","myosin, heavy chain 9, non-muscle",4627,"22","n/a","n/a"
1029219,"A_23_P143817",4612,"MYLK","myosin light chain kinase",4638,"3","n/a","n/a"
1029218,"A_24_P319923",4612,"MYLK","myosin light chain kinase",4638,"3","n/a","n/a"
1037087,"A_23_P80008",59536,"MYLK2","myosin light chain kinase 2",85366,"20","n/a","n/a"
1037088,"CUST_9194_PI416261804",59536,"MYLK2","myosin light chain kinase 2",85366,"20","n/a","n/a"
1036673,"A_24_P194707",60100,"MYLK3","myosin light chain kinase 3",91807,"16","n/a","n/a"
1036675,"CUST_28_PI416408490",60100,"MYLK3","myosin light chain kinase 3",91807,"16","n/a","n/a"
1036674,"CUST_7757_PI416261804",60100,"MYLK3","myosin light chain kinase 3",91807,"16","n/a","n/a"
1029733,"CUST_806_PI416573500",109808,"MYLK4","myosin light chain kinase family, member 4",340156,"6","n/a","n/a"
1029732,"CUST_833_PI416379584",109808,"MYLK4","myosin light chain kinase family, member 4",340156,"6","n/a","n/a"
1043037,"A_23_P86411",33199,"MYO3A","myosin IIIA",53904,"10","n/a","n/a"
1043038,"CUST_12756_PI416261804",33199,"MYO3A","myosin IIIA",53904,"10","n/a","n/a"
1017442,"A_23_P417853",79883,"MYO3B","myosin IIIB",140469,"2","n/a","n/a"
1014369,"A_24_P182696",79883,"MYO3B","myosin IIIB",140469,"2","n/a","n/a"
1024725,"A_23_P359647",10567,"NFAT5","nuclear factor of activated T-cells 5, tonicity-responsive",10725,"16","n/a","n/a"
1024726,"A_23_P3767",10567,"NFAT5","nuclear factor of activated T-cells 5, tonicity-responsive",10725,"16","n/a","n/a"
1023412,"A_23_P300150",4746,"NFATC1","nuclear factor of activated T-cells, cytoplasmic, calcineurin-dependent 1",4772,"18","n/a","n/a"
1023413,"A_24_P258846",4746,"NFATC1","nuclear factor of activated T-cells, cytoplasmic, calcineurin-dependent 1",4772,"18","n/a","n/a"
1023414,"CUST_9465_PI416261804",4746,"NFATC1","nuclear factor of activated T-cells, cytoplasmic, calcineurin-dependent 1",4772,"18","n/a","n/a"
1053747,"A_23_P91278",4747,"NFATC2","nuclear factor of activated T-cells, cytoplasmic, calcineurin-dependent 2",4773,"20","n/a","n/a"
1053748,"CUST_15067_PI416261804",4747,"NFATC2","nuclear factor of activated T-cells, cytoplasmic, calcineurin-dependent 2",4773,"20","n/a","n/a"
1023418,"A_23_P77440",4749,"NFATC3","nuclear factor of activated T-cells, cytoplasmic, calcineurin-dependent 3",4775,"16","n/a","n/a"
1023417,"A_24_P373312",4749,"NFATC3","nuclear factor of activated T-cells, cytoplasmic, calcineurin-dependent 3",4775,"16","n/a","n/a"
1063466,"A_32_P205792",4749,"NFATC3","nuclear factor of activated T-cells, cytoplasmic, calcineurin-dependent 3",4775,"16","n/a","n/a"
1020417,"A_23_P140394",4750,"NFATC4","nuclear factor of activated T-cells, cytoplasmic, calcineurin-dependent 4",4776,"14","n/a","n/a"
1014959,"CUST_8929_PI416261804",4750,"NFATC4","nuclear factor of activated T-cells, cytoplasmic, calcineurin-dependent 4",4776,"14","n/a","n/a"
1053731,"A_23_P30024",4759,"NFKB1","nuclear factor of kappa light polypeptide gene enhancer in B-cells 1",4790,"4","n/a","n/a"
1053730,"A_32_P180199",4759,"NFKB1","nuclear factor of kappa light polypeptide gene enhancer in B-cells 1",4790,"4","n/a","n/a"
1018147,"A_23_P202156",4760,"NFKB2","nuclear factor of kappa light polypeptide gene enhancer in B-cells 2 (p49/p100)",4791,"10","n/a","n/a"
1012984,"CUST_15079_PI416261804",4760,"NFKB2","nuclear factor of kappa light polypeptide gene enhancer in B-cells 2 (p49/p100)",4791,"10","n/a","n/a"
1053728,"A_23_P106002",4761,"NFKBIA","nuclear factor of kappa light polypeptide gene enhancer in B-cells inhibitor, alpha",4792,"14","n/a","n/a"
1053729,"CUST_16344_PI416261804",4761,"NFKBIA","nuclear factor of kappa light polypeptide gene enhancer in B-cells inhibitor, alpha",4792,"14","n/a","n/a"
1053726,"A_23_P330895",4762,"NFKBIB","nuclear factor of kappa light polypeptide gene enhancer in B-cells inhibitor, beta",4793,"19","n/a","n/a"
1030922,"A_23_P79086",4762,"NFKBIB","nuclear factor of kappa light polypeptide gene enhancer in B-cells inhibitor, beta",4793,"19","n/a","n/a"
1053725,"A_24_P161086",4762,"NFKBIB","nuclear factor of kappa light polypeptide gene enhancer in B-cells inhibitor, beta",4793,"19","n/a","n/a"
1053727,"CUST_9067_PI416261804",4762,"NFKBIB","nuclear factor of kappa light polypeptide gene enhancer in B-cells inhibitor, beta",4793,"19","n/a","n/a"
1053723,"A_23_P30655",4763,"NFKBIE","nuclear factor of kappa light polypeptide gene enhancer in B-cells inhibitor, epsilon",4794,"6","n/a","n/a"
1053724,"CUST_8780_PI416261804",4763,"NFKBIE","nuclear factor of kappa light polypeptide gene enhancer in B-cells inhibitor, epsilon",4794,"6","n/a","n/a"
1053563,"A_23_P63190",4862,"NRAS","neuroblastoma RAS viral (v-ras) oncogene homolog",4893,"1","n/a","n/a"
1053564,"A_24_P942151",4862,"NRAS","neuroblastoma RAS viral (v-ras) oncogene homolog",4893,"1","n/a","n/a"
1019786,"A_23_P75989",5026,"PAK1","p21 protein (Cdc42/Rac)-activated kinase 1",5058,"11","n/a","n/a"
1014184,"CUST_16003_PI416261804",5026,"PAK1","p21 protein (Cdc42/Rac)-activated kinase 1",5058,"11","n/a","n/a"
1053369,"A_23_P327307",5030,"PAK2","p21 protein (Cdc42/Rac)-activated kinase 2",5062,"3","n/a","n/a"
1053366,"A_32_P104075",5030,"PAK2","p21 protein (Cdc42/Rac)-activated kinase 2",5062,"3","n/a","n/a"
1053367,"A_32_P158642",5030,"PAK2","p21 protein (Cdc42/Rac)-activated kinase 2",5062,"3","n/a","n/a"
1053365,"A_32_P22245",5030,"PAK2","p21 protein (Cdc42/Rac)-activated kinase 2",5062,"3","n/a","n/a"
1053368,"CUST_499_PI416408490",5030,"PAK2","p21 protein (Cdc42/Rac)-activated kinase 2",5062,"3","n/a","n/a"
1029429,"A_24_P313822",10152,"PAK4","p21 protein (Cdc42/Rac)-activated kinase 4",10298,"19","n/a","n/a"
1029430,"CUST_10223_PI416261804",10152,"PAK4","p21 protein (Cdc42/Rac)-activated kinase 4",10298,"19","n/a","n/a"
1017292,"A_24_P159227",36203,"PAK6","p21 protein (Cdc42/Rac)-activated kinase 6",56924,"15","n/a","n/a"
1013921,"CUST_8869_PI416261804",36203,"PAK6","p21 protein (Cdc42/Rac)-activated kinase 6",56924,"15","n/a","n/a"
1026138,"A_24_P344666",36421,"PAK7","p21 protein (Cdc42/Rac)-activated kinase 7",57144,"20","n/a","n/a"
1026139,"CUST_7963_PI416261804",36421,"PAK7","p21 protein (Cdc42/Rac)-activated kinase 7",57144,"20","n/a","n/a"
1024719,"A_23_P66219",5138,"PDPK1","3-phosphoinositide dependent protein kinase-1",5170,"16","n/a","n/a"
1024717,"A_24_P222599",5138,"PDPK1","3-phosphoinositide dependent protein kinase-1",5170,"16","n/a","n/a"
1024720,"A_24_P830690",5138,"PDPK1","3-phosphoinositide dependent protein kinase-1",5170,"16","n/a","n/a"
1053182,"A_24_P79403",5164,"PF4","platelet factor 4",5196,"4","n/a","n/a"
1053180,"A_24_P63347",5165,"PF4V1","platelet factor 4 variant 1",5197,"4","n/a","n/a"
1053181,"CUST_6511_PI416261804",5165,"PF4V1","platelet factor 4 variant 1",5197,"4","n/a","n/a"
1053069,"A_23_P76322",5256,"PIK3C2G","phosphoinositide-3-kinase, class 2, gamma polypeptide",5288,"12","n/a","n/a"
1053070,"CUST_15291_PI416261804",5256,"PIK3C2G","phosphoinositide-3-kinase, class 2, gamma polypeptide",5288,"12","n/a","n/a"
1053064,"A_23_P92057",5258,"PIK3CA","phosphoinositide-3-kinase, catalytic, alpha polypeptide",5290,"3","n/a","n/a"
1053065,"CUST_15807_PI416261804",5258,"PIK3CA","phosphoinositide-3-kinase, catalytic, alpha polypeptide",5290,"3","n/a","n/a"
1053062,"A_23_P346969",5259,"PIK3CB","phosphoinositide-3-kinase, catalytic, beta polypeptide",5291,"3","n/a","n/a"
1053063,"CUST_16606_PI416261804",5259,"PIK3CB","phosphoinositide-3-kinase, catalytic, beta polypeptide",5291,"3","n/a","n/a"
1053059,"A_23_P259833",5261,"PIK3CD","phosphoinositide-3-kinase, catalytic, delta polypeptide",5293,"1","n/a","n/a"
1053058,"A_23_P33303",5261,"PIK3CD","phosphoinositide-3-kinase, catalytic, delta polypeptide",5293,"1","n/a","n/a"
1053057,"A_24_P71244",5261,"PIK3CD","phosphoinositide-3-kinase, catalytic, delta polypeptide",5293,"1","n/a","n/a"
1053054,"A_23_P251359",5262,"PIK3CG","phosphoinositide-3-kinase, catalytic, gamma polypeptide",5294,"7","n/a","n/a"
1053055,"CUST_15038_PI416261804",5262,"PIK3CG","phosphoinositide-3-kinase, catalytic, gamma polypeptide",5294,"7","n/a","n/a"
1053056,"CUST_510_PI416408490",5262,"PIK3CG","phosphoinositide-3-kinase, catalytic, gamma polypeptide",5294,"7","n/a","n/a"
1021145,"A_23_P11685",5289,"PLA2G4A","phospholipase A2, group IVA (cytosolic, calcium-dependent)",5321,"1","n/a","n/a"
1021146,"CUST_14956_PI416261804",5289,"PLA2G4A","phospholipase A2, group IVA (cytosolic, calcium-dependent)",5321,"1","n/a","n/a"
1021147,"CUST_36_PI416408490",5289,"PLA2G4A","phospholipase A2, group IVA (cytosolic, calcium-dependent)",5321,"1","n/a","n/a"
1045890,"A_23_P6099",22991,"PLCB1","phospholipase C, beta 1 (phosphoinositide-specific)",23236,"20","n/a","n/a"
1045889,"A_24_P941643",22991,"PLCB1","phospholipase C, beta 1 (phosphoinositide-specific)",23236,"20","n/a","n/a"
1052998,"A_24_P287664",5298,"PLCB2","phospholipase C, beta 2",5330,"15","n/a","n/a"
1052999,"CUST_11282_PI416261804",5298,"PLCB2","phospholipase C, beta 2",5330,"15","n/a","n/a"
1052996,"A_23_P343719",5299,"PLCB3","phospholipase C, beta 3 (phosphatidylinositol-specific)",5331,"11","n/a","n/a"
1052997,"CUST_16618_PI416261804",5299,"PLCB3","phospholipase C, beta 3 (phosphatidylinositol-specific)",5331,"11","n/a","n/a"
1052993,"A_23_P28898",5300,"PLCB4","phospholipase C, beta 4",5332,"20","n/a","n/a"
1052994,"CUST_10051_PI416261804",5300,"PLCB4","phospholipase C, beta 4",5332,"20","n/a","n/a"
1052995,"CUST_9880_PI416261804",5300,"PLCB4","phospholipase C, beta 4",5332,"20","n/a","n/a"
1016309,"A_23_P80739",5301,"PLCD1","phospholipase C, delta 1",5333,"3","n/a","n/a"
1011442,"CUST_10028_PI416261804",5301,"PLCD1","phospholipase C, delta 1",5333,"3","n/a","n/a"
1036346,"A_23_P351757",76634,"PLCD3","phospholipase C, delta 3",113026,"17","n/a","n/a"
1036347,"CUST_14497_PI416261804",76634,"PLCD3","phospholipase C, delta 3",113026,"17","n/a","n/a"
1037347,"A_23_P385105",59003,"PLCD4","phospholipase C, delta 4",84812,"2","n/a","n/a"
1037348,"CUST_9786_PI416261804",59003,"PLCD4","phospholipase C, delta 4",84812,"2","n/a","n/a"
1043654,"A_23_P35617",30678,"PLCE1","phospholipase C, epsilon 1",51196,"10","n/a","n/a"
1043655,"CUST_16717_PI416261804",30678,"PLCE1","phospholipase C, epsilon 1",51196,"10","n/a","n/a"
1052988,"A_23_P254801",5303,"PLCG1","phospholipase C, gamma 1",5335,"20","n/a","n/a"
1052989,"CUST_14539_PI416261804",5303,"PLCG1","phospholipase C, gamma 1",5335,"20","n/a","n/a"
1052986,"A_23_P106675",5304,"PLCG2","phospholipase C, gamma 2 (phosphatidylinositol-specific)",5336,"16","n/a","n/a"
1052987,"CUST_14332_PI416261804",5304,"PLCG2","phospholipase C, gamma 2 (phosphatidylinositol-specific)",5336,"16","n/a","n/a"
1016744,"A_23_P339240",22762,"PLCH1","phospholipase C, eta 1",23007,"3","n/a","n/a"
1015109,"A_24_P334248",22762,"PLCH1","phospholipase C, eta 1",23007,"3","n/a","n/a"
1052992,"A_23_P212688",5302,"PLCL1","phospholipase C-like 1",5334,"2","n/a","n/a"
1052991,"A_23_P317324",5302,"PLCL1","phospholipase C-like 1",5334,"2","n/a","n/a"
1052990,"A_24_P15154",5302,"PLCL1","phospholipase C-like 1",5334,"2","n/a","n/a"
1069952,"A_32_P149158",5302,"PLCL1","phospholipase C-like 1",5334,"2","n/a","n/a"
1018060,"A_23_P80594",22983,"PLCL2","phospholipase C-like 2",23228,"3","n/a","n/a"
1012716,"A_24_P281988",22983,"PLCL2","phospholipase C-like 2",23228,"3","n/a","n/a"
1036976,"A_23_P105524",59798,"PLCZ1","phospholipase C, zeta 1",89869,"12","n/a","n/a"
1036977,"CUST_9862_PI416261804",59798,"PLCZ1","phospholipase C, zeta 1",89869,"12","n/a","n/a"
1040547,"A_23_P413641",36853,"PREX1","phosphatidylinositol-3,4,5-trisphosphate-dependent Rac exchange factor 1",57580,"20","n/a","n/a"
1040548,"CUST_15477_PI416261804",36853,"PREX1","phosphatidylinositol-3,4,5-trisphosphate-dependent Rac exchange factor 1",57580,"20","n/a","n/a"
1023227,"A_24_P399630",5534,"PRKACA","protein kinase, cAMP-dependent, catalytic, alpha",5566,"19","n/a","n/a"
1023228,"A_24_P408206",5534,"PRKACA","protein kinase, cAMP-dependent, catalytic, alpha",5566,"19","n/a","n/a"
1029768,"A_23_P371410",5535,"PRKACB","protein kinase, cAMP-dependent, catalytic, beta",5567,"1","n/a","n/a"
1052713,"A_24_P62708",5535,"PRKACB","protein kinase, cAMP-dependent, catalytic, beta",5567,"1","n/a","n/a"
1052714,"CUST_8138_PI416261804",5535,"PRKACB","protein kinase, cAMP-dependent, catalytic, beta",5567,"1","n/a","n/a"
1052715,"CUST_8139_PI416261804",5535,"PRKACB","protein kinase, cAMP-dependent, catalytic, beta",5567,"1","n/a","n/a"
1052716,"CUST_8144_PI416261804",5535,"PRKACB","protein kinase, cAMP-dependent, catalytic, beta",5567,"1","n/a","n/a"
1052711,"A_23_P71926",5536,"PRKACG","protein kinase, cAMP-dependent, catalytic, gamma",5568,"9","n/a","n/a"
1052712,"CUST_8077_PI416261804",5536,"PRKACG","protein kinase, cAMP-dependent, catalytic, gamma",5568,"9","n/a","n/a"
1052697,"A_23_P55099",5546,"PRKCA","protein kinase C, alpha",5578,"17","n/a","n/a"
1052696,"A_24_P916496",5546,"PRKCA","protein kinase C, alpha",5578,"17","n/a","n/a"
1052693,"A_23_P206585",5547,"PRKCB","protein kinase C, beta",5579,"16","n/a","n/a"
1052694,"A_23_P420281",5547,"PRKCB","protein kinase C, beta",5579,"16","n/a","n/a"
1052695,"A_24_P935330",5547,"PRKCB","protein kinase C, beta",5579,"16","n/a","n/a"
1027420,"CUST_1373_PI416573500",5547,"PRKCB","protein kinase C, beta",5579,"16","n/a","n/a"
1027419,"CUST_1416_PI416379584",5547,"PRKCB","protein kinase C, beta",5579,"16","n/a","n/a"
1027421,"CUST_523_PI416408490",5547,"PRKCB","protein kinase C, beta",5579,"16","n/a","n/a"
1030581,"A_23_P144054",5548,"PRKCD","protein kinase C, delta",5580,"3","n/a","n/a"
1030582,"CUST_16982_PI416261804",5548,"PRKCD","protein kinase C, delta",5580,"3","n/a","n/a"
1052691,"A_23_P250564",5549,"PRKCE","protein kinase C, epsilon",5581,"2","n/a","n/a"
1052692,"A_23_P348194",5549,"PRKCE","protein kinase C, epsilon",5581,"2","n/a","n/a"
1052688,"A_23_P16189",5550,"PRKCG","protein kinase C, gamma",5582,"19","n/a","n/a"
1052689,"CUST_13757_PI416261804",5550,"PRKCG","protein kinase C, gamma",5582,"19","n/a","n/a"
1052690,"CUST_524_PI416408490",5550,"PRKCG","protein kinase C, gamma",5582,"19","n/a","n/a"
1052686,"A_23_P205567",5551,"PRKCH","protein kinase C, eta",5583,"14","n/a","n/a"
1059643,"A_24_P937915",5551,"PRKCH","protein kinase C, eta",5583,"14","n/a","n/a"
1052687,"CUST_13565_PI416261804",5551,"PRKCH","protein kinase C, eta",5583,"14","n/a","n/a"
1052684,"A_23_P18392",5552,"PRKCI","protein kinase C, iota",5584,"3","n/a","n/a"
1052685,"A_24_P461118",5552,"PRKCI","protein kinase C, iota",5584,"3","n/a","n/a"
1052676,"A_23_P1374",5556,"PRKCQ","protein kinase C, theta",5588,"10","n/a","n/a"
1052677,"CUST_14682_PI416261804",5556,"PRKCQ","protein kinase C, theta",5588,"10","n/a","n/a"
1022933,"A_23_P51187",5558,"PRKCZ","protein kinase C, zeta",5590,"1","n/a","n/a"
1022934,"A_24_P49214",5558,"PRKCZ","protein kinase C, zeta",5590,"1","n/a","n/a"
1059999,"A_24_P924462",5558,"PRKCZ","protein kinase C, zeta",5590,"1","n/a","n/a"
1052641,"A_23_P217339",5581,"PRKX","protein kinase, X-linked",5613,"X","n/a","n/a"
1052639,"A_23_P137248",5584,"PRKY","protein kinase, Y-linked, pseudogene",5616,"Y","n/a","n/a"
1052640,"A_24_P186030",5584,"PRKY","protein kinase, Y-linked, pseudogene",5616,"Y","n/a","n/a"
1052500,"A_23_P51926",5692,"PTAFR","platelet-activating factor receptor",5724,"1","n/a","n/a"
1052501,"A_24_P102821",5692,"PTAFR","platelet-activating factor receptor",5724,"1","n/a","n/a"
1021226,"A_23_P98085",5696,"PTEN","phosphatase and tensin homolog",5728,"10","n/a","n/a"
1021227,"A_24_P252785",5696,"PTEN","phosphatase and tensin homolog",5728,"10","n/a","n/a"
1021223,"A_24_P913115",5696,"PTEN","phosphatase and tensin homolog",5728,"10","n/a","n/a"
1024494,"A_23_P216966",5710,"PTGS1","prostaglandin-endoperoxide synthase 1 (prostaglandin G/H synthase and cyclooxygenase)",5742,"9","n/a","n/a"
1024493,"A_24_P64167",5710,"PTGS1","prostaglandin-endoperoxide synthase 1 (prostaglandin G/H synthase and cyclooxygenase)",5742,"9","n/a","n/a"
1052477,"A_24_P250922",5711,"PTGS2","prostaglandin-endoperoxide synthase 2 (prostaglandin G/H synthase and cyclooxygenase)",5743,"1","n/a","n/a"
1052478,"A_24_P77008",5711,"PTGS2","prostaglandin-endoperoxide synthase 2 (prostaglandin G/H synthase and cyclooxygenase)",5743,"1","n/a","n/a"
1052479,"CUST_527_PI416408490",5711,"PTGS2","prostaglandin-endoperoxide synthase 2 (prostaglandin G/H synthase and cyclooxygenase)",5743,"1","n/a","n/a"
1052472,"A_23_P22096",5715,"PTK2","PTK2 protein tyrosine kinase 2",5747,"8","n/a","n/a"
1052473,"A_23_P324679",5715,"PTK2","PTK2 protein tyrosine kinase 2",5747,"8","n/a","n/a"
1052471,"A_23_P72050",5715,"PTK2","PTK2 protein tyrosine kinase 2",5747,"8","n/a","n/a"
1028139,"A_23_P168836",2170,"PTK2B","PTK2B protein tyrosine kinase 2 beta",2185,"8","n/a","n/a"
1028140,"CUST_16805_PI416261804",2170,"PTK2B","PTK2B protein tyrosine kinase 2 beta",2185,"8","n/a","n/a"
1030021,"A_23_P215406",5847,"RAC1","ras-related C3 botulinum toxin substrate 1 (rho family, small GTP binding protein Rac1)",5879,"7","n/a","n/a"
1030022,"A_24_P194845",5847,"RAC1","ras-related C3 botulinum toxin substrate 1 (rho family, small GTP binding protein Rac1)",5879,"7","n/a","n/a"
1030023,"A_32_P217709",5847,"RAC1","ras-related C3 botulinum toxin substrate 1 (rho family, small GTP binding protein Rac1)",5879,"7","n/a","n/a"
1052349,"A_23_P218770",5848,"RAC2","ras-related C3 botulinum toxin substrate 2 (rho family, small GTP binding protein Rac2)",5880,"22","n/a","n/a"
1052348,"A_23_P218774",5848,"RAC2","ras-related C3 botulinum toxin substrate 2 (rho family, small GTP binding protein Rac2)",5880,"22","n/a","n/a"
1052350,"A_24_P228717",5848,"RAC2","ras-related C3 botulinum toxin substrate 2 (rho family, small GTP binding protein Rac2)",5880,"22","n/a","n/a"
1052346,"A_23_P125001",5849,"RAC3","ras-related C3 botulinum toxin substrate 3 (rho family, small GTP binding protein Rac3)",5881,"17","n/a","n/a"
1052347,"CUST_8289_PI416261804",5849,"RAC3","ras-related C3 botulinum toxin substrate 3 (rho family, small GTP binding protein Rac3)",5881,"17","n/a","n/a"
1052328,"A_23_P40952",5862,"RAF1","v-raf-1 murine leukemia viral oncogene homolog 1",5894,"3","n/a","n/a"
1052329,"CUST_12786_PI416261804",5862,"RAF1","v-raf-1 murine leukemia viral oncogene homolog 1",5894,"3","n/a","n/a"
1052241,"A_23_P56938",5934,"REL","v-rel reticuloendotheliosis viral oncogene homolog (avian)",5966,"2","n/a","n/a"
1018115,"A_23_P104689",5938,"RELA","v-rel reticuloendotheliosis viral oncogene homolog A (avian)",5970,"11","n/a","n/a"
1014625,"A_24_P937256",5938,"RELA","v-rel reticuloendotheliosis viral oncogene homolog A (avian)",5970,"11","n/a","n/a"
1052235,"A_23_P55706",5939,"RELB","v-rel reticuloendotheliosis viral oncogene homolog B",5971,"19","n/a","n/a"
1052236,"CUST_11020_PI416261804",5939,"RELB","v-rel reticuloendotheliosis viral oncogene homolog B",5971,"19","n/a","n/a"
1052203,"A_23_P97141",5964,"RGS1","regulator of G-protein signaling 1",5996,"1","n/a","n/a"
1052204,"CUST_9828_PI416261804",5964,"RGS1","regulator of G-protein signaling 1",5996,"1","n/a","n/a"
1052191,"A_23_P500093",5971,"RGS13","regulator of G-protein signaling 13",6003,"1","n/a","n/a"
1052192,"CUST_9472_PI416261804",5971,"RGS13","regulator of G-protein signaling 13",6003,"1","n/a","n/a"
1047138,"A_23_P124927",10489,"RGS14","regulator of G-protein signaling 14",10636,"5","n/a","n/a"
1047139,"A_23_P61140",10489,"RGS14","regulator of G-protein signaling 14",10636,"5","n/a","n/a"
1044813,"A_23_P156861",26322,"RGS17","regulator of G-protein signaling 17",26575,"6","n/a","n/a"
1044814,"CUST_15580_PI416261804",26322,"RGS17","regulator of G-protein signaling 17",26575,"6","n/a","n/a"
1039867,"A_23_P302550",41008,"RGS18","regulator of G-protein signaling 18",64407,"1","n/a","n/a"
1039868,"CUST_1606_PI416261804",41008,"RGS18","regulator of G-protein signaling 18",64407,"1","n/a","n/a"
1014395,"A_23_P200737",5967,"RGS4","regulator of G-protein signaling 4",5999,"1","n/a","n/a"
1014672,"A_23_P433855",5967,"RGS4","regulator of G-protein signaling 4",5999,"1","n/a","n/a"
1017825,"CUST_537_PI416408490",5967,"RGS4","regulator of G-protein signaling 4",5999,"1","n/a","n/a"
1059089,"A_23_P69491",384,"RHOA","ras homolog family member A",387,"3","n/a","n/a"
1059090,"A_23_P69493",384,"RHOA","ras homolog family member A",387,"3","n/a","n/a"
1059091,"A_24_P174550",384,"RHOA","ras homolog family member A",387,"3","n/a","n/a"
1059088,"A_23_P51136",385,"RHOB","ras homolog family member B",388,"2","n/a","n/a"
1059087,"CUST_13512_PI416261804",385,"RHOB","ras homolog family member B",388,"2","n/a","n/a"
1021134,"A_23_P12514",386,"RHOC","ras homolog family member C",389,"1","n/a","n/a"
1021135,"A_23_P406424",386,"RHOC","ras homolog family member C",389,"1","n/a","n/a"
1059083,"A_23_P150718",388,"RHOG","ras homolog family member G",391,"11","n/a","n/a"
1059084,"CUST_1227_PI416261804",388,"RHOG","ras homolog family member G",391,"11","n/a","n/a"
1021495,"A_23_P130429",6061,"ROCK1","Rho-associated, coiled-coil containing protein kinase 1",6093,"18","n/a","n/a"
1021496,"A_24_P538403",6061,"ROCK1","Rho-associated, coiled-coil containing protein kinase 1",6093,"18","n/a","n/a"
1021498,"A_32_P105865",6061,"ROCK1","Rho-associated, coiled-coil containing protein kinase 1",6093,"18","n/a","n/a"
1021494,"A_32_P203320",6061,"ROCK1","Rho-associated, coiled-coil containing protein kinase 1",6093,"18","n/a","n/a"
1021497,"CUST_540_PI416408490",6061,"ROCK1","Rho-associated, coiled-coil containing protein kinase 1",6093,"18","n/a","n/a"
1048546,"A_23_P209689",9335,"ROCK2","Rho-associated, coiled-coil containing protein kinase 2",9475,"2","n/a","n/a"
1048547,"A_24_P328333",9335,"ROCK2","Rho-associated, coiled-coil containing protein kinase 2",9475,"2","n/a","n/a"
1051886,"A_23_P39074",6204,"RRAS","related RAS viral (r-ras) oncogene homolog",6237,"19","n/a","n/a"
1051887,"A_23_P39076",6204,"RRAS","related RAS viral (r-ras) oncogene homolog",6237,"19","n/a","n/a"
1019494,"A_23_P405761",22556,"RRAS2","related RAS viral (r-ras) oncogene homolog 2",22800,"11","n/a","n/a"
1010412,"CUST_2435_PI416261804",22556,"RRAS2","related RAS viral (r-ras) oncogene homolog 2",22800,"11","n/a","n/a"
1017169,"A_23_P200443",6428,"SHC1","SHC (Src homology 2 domain containing) transforming protein 1",6464,"1","n/a","n/a"
1014260,"A_24_P68585",6428,"SHC1","SHC (Src homology 2 domain containing) transforming protein 1",6464,"1","n/a","n/a"
1049077,"A_23_P207058",8901,"SOCS3","suppressor of cytokine signaling 3",9021,"17","n/a","n/a"
1049078,"A_23_P351069",8901,"SOCS3","suppressor of cytokine signaling 3",9021,"17","n/a","n/a"
1030439,"A_23_P151700",78920,"SOCS4","suppressor of cytokine signaling 4",122809,"14","n/a","n/a"
1030438,"A_24_P90637",78920,"SOCS4","suppressor of cytokine signaling 4",122809,"14","n/a","n/a"
1026774,"A_23_P5813",9511,"SOCS5","suppressor of cytokine signaling 5",9655,"2","n/a","n/a"
1026773,"A_24_P328492",9511,"SOCS5","suppressor of cytokine signaling 5",9655,"2","n/a","n/a"
1048750,"A_23_P207981",9173,"SOCS6","suppressor of cytokine signaling 6",9306,"18","n/a","n/a"
1048749,"A_24_P91272",9173,"SOCS6","suppressor of cytokine signaling 6",9306,"18","n/a","n/a"
1029743,"A_24_P367211",29828,"SOCS7","suppressor of cytokine signaling 7",30837,"17","n/a","n/a"
1029742,"A_32_P43711",29828,"SOCS7","suppressor of cytokine signaling 7",30837,"17","n/a","n/a"
1051230,"A_23_P343808",6614,"SOS1","son of sevenless homolog 1 (Drosophila)",6654,"2","n/a","n/a"
1051231,"CUST_14697_PI416261804",6614,"SOS1","son of sevenless homolog 1 (Drosophila)",6654,"2","n/a","n/a"
1051229,"A_23_P117546",6615,"SOS2","son of sevenless homolog 2 (Drosophila)",6655,"14","n/a","n/a"
1051228,"CUST_9270_PI416261804",6615,"SOS2","son of sevenless homolog 2 (Drosophila)",6655,"14","n/a","n/a"
1051081,"A_23_P56630",6732,"STAT1","signal transducer and activator of transcription 1, 91kDa",6772,"2","n/a","n/a"
1051082,"A_24_P274270",6732,"STAT1","signal transducer and activator of transcription 1, 91kDa",6772,"2","n/a","n/a"
1051083,"CUST_16759_PI416261804",6732,"STAT1","signal transducer and activator of transcription 1, 91kDa",6772,"2","n/a","n/a"
1023287,"A_23_P100795",6734,"STAT3","signal transducer and activator of transcription 3 (acute-phase response factor)",6774,"17","n/a","n/a"
1023288,"A_23_P107206",6734,"STAT3","signal transducer and activator of transcription 3 (acute-phase response factor)",6774,"17","n/a","n/a"
1023289,"A_24_P116805",6734,"STAT3","signal transducer and activator of transcription 3 (acute-phase response factor)",6774,"17","n/a","n/a"
1051071,"A_23_P47879",6738,"STAT6","signal transducer and activator of transcription 6, interleukin-4 induced",6778,"12","n/a","n/a"
1051072,"CUST_16876_PI416261804",6738,"STAT6","signal transducer and activator of transcription 6, interleukin-4 induced",6778,"12","n/a","n/a"
1050528,"A_23_P141917",7254,"TYK2","tyrosine kinase 2",7297,"19","n/a","n/a"
1050527,"A_23_P153311",7254,"TYK2","tyrosine kinase 2",7297,"19","n/a","n/a"
1050411,"A_23_P38959",7366,"VAV1","vav 1 guanine nucleotide exchange factor",7409,"19","n/a","n/a"
1050412,"CUST_12118_PI416261804",7366,"VAV1","vav 1 guanine nucleotide exchange factor",7409,"19","n/a","n/a"
1020047,"A_23_P146468",7367,"VAV2","vav 2 guanine nucleotide exchange factor",7410,"9","n/a","n/a"
1011664,"A_24_P84419",7367,"VAV2","vav 2 guanine nucleotide exchange factor",7410,"9","n/a","n/a"
1015879,"A_23_P201551",10304,"VAV3","vav 3 guanine nucleotide exchange factor",10451,"1","n/a","n/a"
1014729,"A_24_P7950",10304,"VAV3","vav 3 guanine nucleotide exchange factor",10451,"1","n/a","n/a"
1050372,"A_23_P105562",7407,"VWF","von Willebrand factor",7450,"12","n/a","n/a"
1050373,"A_32_P150382",7407,"VWF","von Willebrand factor",7450,"12","n/a","n/a"
1024258,"A_23_P18246",2812,"XCR1","chemokine (C motif) receptor 1",2829,"3","n/a","n/a"
1024260,"CUST_5664_PI416261804",2812,"XCR1","chemokine (C motif) receptor 1",2829,"3","n/a","n/a"
1024259,"CUST_5665_PI416261804",2812,"XCR1","chemokine (C motif) receptor 1",2829,"3","n/a","n/a"